date,platform,metric,value
2026-08-16,Google Search Ads (Non-Brand),acquisitions,126
2026-08-16,Google Search Ads (Non-Brand),spend,14161
2026-08-16,Google Search Ads (Non-Brand),cpa,112
2026-08-16,Meta Ads,acquisitions,196
2026-08-16,Meta Ads,spend,16031
2026-08-16,Meta Ads,cpa,82
2026-08-16,Microsoft Search Ads (Branded),acquisitions,0
2026-08-16,Microsoft Search Ads (Branded),spend,0
2026-08-16,Microsoft Search Ads (Branded),cpa,0
2026-08-16,Google Search Ads (Brand),acquisitions,0
2026-08-16,Google Search Ads (Brand),spend,0
2026-08-16,Google Search Ads (Brand),cpa,0
2026-08-16,Apple Ads,acquisitions,0
2026-08-16,Apple Ads,spend,0
2026-08-16,Apple Ads,cpa,0
2026-08-16,TOTAL,acquisitions,482
2026-08-16,TOTAL,spend,32872
2026-08-16,TOTAL,cpa,68
2026-08-02,Google Search Ads (Non-Brand),acquisitions,0
2026-08-02,Google Search Ads (Non-Brand),spend,0
2026-08-02,Google Search Ads (Non-Brand),cpa,0
2026-08-02,Meta Ads,acquisitions,0
2026-08-02,Meta Ads,spend,0
2026-08-02,Meta Ads,cpa,0
2026-08-02,Microsoft Search Ads (Branded),acquisitions,0
2026-08-02,Microsoft Search Ads (Branded),spend,0
2026-08-02,Microsoft Search Ads (Branded),cpa,0
2026-08-02,Google Search Ads (Brand),acquisitions,0
2026-08-02,Google Search Ads (Brand),spend,0
2026-08-02,Google Search Ads (Brand),cpa,0
2026-08-02,Apple Ads,acquisitions,0
2026-08-02,Apple Ads,spend,0
2026-08-02,Apple Ads,cpa,0
2026-08-02,TOTAL,acquisitions,0
2026-08-02,TOTAL,spend,0
2026-08-02,TOTAL,cpa,0
